{
    "interactionModel": {
        "languageModel": {
            "invocationName": "game memory",
            "intents": [
                {
                    "name": "AMAZON.FallbackIntent",
                    "samples": []
                },
                {
                    "name": "AMAZON.CancelIntent",
                    "samples": []
                },
                {
                    "name": "AMAZON.HelpIntent",
                    "samples": []
                },
                {
                    "name": "AMAZON.StopIntent",
                    "samples": [
                        "quit the game",
                        "exit",
                        "quit"
                    ]
                },
                {
                    "name": "AMAZON.NavigateHomeIntent",
                    "samples": []
                },
                {
                    "name": "BoxIntent",
                    "slots": [
                        {
                            "name": "boxNumber",
                            "type": "AMAZON.NUMBER"
                        }
                    ],
                    "samples": [
                        "{boxNumber}",
                        "I will choose  {boxNumber}",
                        "I'll go for {boxNumber}",
                        "I'll select {boxNumber}",
                        "box {boxNumber}",
                        "box number {boxNumber}",
                        "number {boxNumber}"
                    ]
                },
                {
                    "name": "AMAZON.YesIntent",
                    "samples": [
                        "kay",
                        "k",
                        "okay",
                        "yes please",
                        "yas",
                        "yu",
                        "yup",
                        "yea"
                    ]
                },
                {
                    "name": "AMAZON.NoIntent",
                    "samples": [
                        "none",
                        "nope",
                        "noor",
                        "nah"
                    ]
                },
                {
                    "name": "ScoreIntent",
                    "slots": [],
                    "samples": [
                        "check score",
                        "score borad",
                        "score",
                        "show me score",
                        "scores"
                    ]
                },
                {
                    "name": "OpenedIntent",
                    "slots": [],
                    "samples": [
                        "check opend",
                        "check revealed box",
                        "check opend box",
                        "revealed",
                        "opened"
                    ]
                },
                {
                    "name": "StartIntent",
                    "slots": [],
                    "samples": [
                        "Start new game",
                        "Play new game",
                        "Play game",
                        "Play the game",
                        "Start the game",
                        "Start",
                        "Start game"
                    ]
                },
                {
                    "name": "MenuIntent",
                    "slots": [],
                    "samples": [
                        "go to menu",
                        "main menu",
                        "menu"
                    ]
                },
                {
                    "name": "RankIntent",
                    "slots": [],
                    "samples": [
                        "my rank",
                        "show rank",
                        "check rank",
                        "show my rank",
                        "rank"
                    ]
                },
                {
                    "name": "RestartIntent",
                    "slots": [],
                    "samples": [
                        "restart the game",
                        "restart the new game",
                        "restart game",
                        "I want to do restart",
                        "go restart",
                        "do restart",
                        "I want to restart",
                        "restart"
                    ]
                }
            ],
            "types": []
        }
    }
}