[
	{
		"data": [
			{
				"text": "playerName",
				"userDefined": true,
				"alias": "playerName",
				"meta": "@sys.given-name"
			}
		],
		"isTemplate": false,
		"count": 0
	},
	{
		"data": [
			{
				"text": "My name is ",
				"userDefined": false
			},
			{
				"text": "playerName",
				"userDefined": true,
				"alias": "playerName",
				"meta": "@sys.given-name"
			}
		],
		"isTemplate": false,
		"count": 0
	},
	{
		"data": [
			{
				"text": "I am ",
				"userDefined": false
			},
			{
				"text": "playerName",
				"userDefined": true,
				"alias": "playerName",
				"meta": "@sys.given-name"
			}
		],
		"isTemplate": false,
		"count": 0
	},
	{
		"data": [
			{
				"text": "You can call me ",
				"userDefined": false
			},
			{
				"text": "playerName",
				"userDefined": true,
				"alias": "playerName",
				"meta": "@sys.given-name"
			}
		],
		"isTemplate": false,
		"count": 0
	},
	{
		"data": [
			{
				"text": "Call me ",
				"userDefined": false
			},
			{
				"text": "playerName",
				"userDefined": true,
				"alias": "playerName",
				"meta": "@sys.given-name"
			}
		],
		"isTemplate": false,
		"count": 0
	},
	{
		"data": [
			{
				"text": "playerName",
				"userDefined": true,
				"alias": "playerName",
				"meta": "@sys.given-name"
			},
			{
				"text": " is my name",
				"userDefined": false
			}
		],
		"isTemplate": false,
		"count": 0
	},
	{
		"data": [
			{
				"text": "call me ",
				"userDefined": false
			},
			{
				"text": "playerName",
				"userDefined": true,
				"alias": "playerName",
				"meta": "@sys.given-name"
			}
		],
		"isTemplate": false,
		"count": 0
	}
]