{
    "type": "APL",
    "version": "1.0",
    "theme": "dark",
    "import": [],
    "mainTemplate": {
        "parameters": [
            "payload"
        ],
        "items": [
            {
                "type": "Frame",
                "width": "100vw",
                "height": "100vh",
                "backgroundColor": "#5B5B5B",
                "items": [
                    {
                        "type": "Container",
                        "width": "100vw",
                        "height": "100vh",
                        "justifyContent": "spaceAround",
                        "items": [
                            {
                                "type": "Container",
                                "width": "100vw",
                                "height": "10vh",
                                "direction": "row",
                                "items": [
                                    {
                                        "type": "Text",
                                        "text": "",
                                        "width": "1vw",
                                        "height": "10vh"
                                    },
                                    {
                                        "type": "Text",
                                        "text": "",
                                        "width": "1vw",
                                        "height": "10vh"
                                    },
                                    {
                                      "type": "Frame",
                                        "width": "33vw",
                                        "height": "9vh",
                                        "item": [
                                            {
                                                "type": "Text",
                                                "text": "${payload.pageData.score}",
                                                "color": "white",
                                                "width": "33vw",
                                                "height": "9vh",
                                                "textAlign": "left",
                                                "textAlignVertical": "center",
                                                "fontSize": "7vh",
                                                "fontWeight": "600"
                                            }
                                        ]  
                                    },
                                    {
                                      "type": "Frame",
                                        "width": "33vw",
                                        "height": "9vh",
                                        "item": [
                                            {
                                                "type": "Text",
                                                "text": "${payload.pageData.currentLevel}",
                                                "color": "white",
                                                "width": "31vw",
                                                "height": "9vh",
                                                "textAlign": "center",
                                                "textAlignVertical": "center",
                                                "fontSize": "7vh",
                                                "fontWeight": "600"
                                            }
                                        ]  
                                    },
                                    {
                                        "type": "Text",
                                        "text": "",
                                        "width": "15vw",
                                        "height": "10vh"
                                    },
                                    {
                                        "type": "TouchWrapper",
                                        "width": "6vw",
                                        "height": "9vh",
                                        "item": {
                                            "type": "Frame",
                                            "width": "6vw",
                                            "height": "9vh",
                                            "borderWidth": "2px",
                                            "borderRadius": "45vw",
                                            "item": [
                                                {
                                                    "type": "Image",
                                                    "source": "https://s3.amazonaws.com/alexa-hackathon-memory-game-assets/Image/questionMark.png",
                                                    "scale": "best-fill",
                                                    "width": "6vw",
                                                    "height": "9vh"
                                                }
                                            ]
                                        },
                                        "onPress": {
                                            "type": "SendEvent",
                                            "arguments": [
                                                "HelpIntent"
                                            ]
                                        }
                                    },
                                    {
                                        "type": "Text",
                                        "text": "",
                                        "width": "2vw",
                                        "height": "10vh"
                                    },
                                    {
                                        "type": "TouchWrapper",
                                        "width": "6vw",
                                        "height": "9vh",
                                        "item": {
                                            "type": "Frame",
                                            "width": "6vw",
                                            "height": "9vh",
                                            "borderWidth": "2px",
                                            "borderRadius": "45vw",
                                            "item": [
                                                {
                                                    "type": "Image",
                                                    "source": "https://s3.amazonaws.com/alexa-hackathon-memory-game-assets/Image/backMark.png",
                                                    "scale": "best-fill",
                                                    "width": "6vw",
                                                    "height": "9vh"
                                                }
                                            ]
                                        },
                                        "onPress": {
                                            "type": "SendEvent",
                                            "arguments": [
                                                "MenuIntent"
                                            ]
                                        }
                                    }
                                ]
                            },
                            {
                                "type": "Container",
                                "width": "100vw",
                                "height": "40vh",
                                "direction": "row",
                                "justifyContent": "spaceAround",
                                "items": [
                                    {
                                        "type": "TouchWrapper",
                                        "width": "20vw",
                                        "height": "30vh",
                                        "item": {
                                            "type": "Frame",
                                            "width": "20vw",
                                            "height": "30vh",
                                            "borderWidth": "3px",
                                            "borderRadius": "2vw",
                                            "item": [
                                                {
                                                    "type": "Image",
                                                    "source": "${payload.pageData.Box1}",
                                                    "scale": "fill",
                                                    "width": "20vw",
                                                    "height": "30vh"
                                                }
                                            ]
                                        },
                                        "onPress": {
                                            "type": "SendEvent",
                                            "arguments": [
                                                "BoxIntent",
                                                1
                                            ]
                                        }
                                    },
                                    {
                                        "type": "TouchWrapper",
                                        "width": "20vw",
                                        "height": "30vh",
                                        "item": {
                                            "type": "Frame",
                                            "width": "20vw",
                                            "height": "30vh",
                                            "borderWidth": "3px",
                                            "borderRadius": "2vw",
                                            "item": [
                                                {
                                                    "type": "Image",
                                                    "source": "${payload.pageData.Box2}",
                                                    "scale": "fill",
                                                    "width": "20vw",
                                                    "height": "30vh"
                                                }
                                            ]
                                        },
                                        "onPress": {
                                            "type": "SendEvent",
                                            "arguments": [
                                                "BoxIntent",
                                                2
                                            ]
                                        }
                                    },
                                    {
                                        "type": "TouchWrapper",
                                        "width": "20vw",
                                        "height": "30vh",
                                        "item": {
                                            "type": "Frame",
                                            "width": "20vw",
                                            "height": "30vh",
                                            "borderWidth": "3px",
                                            "borderRadius": "2vw",
                                            "item": [
                                                {
                                                    "type": "Image",
                                                    "source": "${payload.pageData.Box3}",
                                                    "scale": "fill",
                                                    "width": "20vw",
                                                    "height": "30vh"
                                                }
                                            ]
                                        },
                                        "onPress": {
                                            "type": "SendEvent",
                                            "arguments": [
                                                "BoxIntent",
                                                3
                                            ]
                                        }
                                    },
                                    {
                                        "type": "TouchWrapper",
                                        "width": "20vw",
                                        "height": "30vh",
                                        "item": {
                                            "type": "Frame",
                                            "width": "20vw",
                                            "height": "30vh",
                                            "borderWidth": "3px",
                                            "borderRadius": "2vw",
                                            "item": [
                                                {
                                                    "type": "Image",
                                                    "source": "${payload.pageData.Box4}",
                                                    "scale": "fill",
                                                    "width": "20vw",
                                                    "height": "30vh"
                                                }
                                            ]
                                        },
                                        "onPress": {
                                            "type": "SendEvent",
                                            "arguments": [
                                                "BoxIntent",
                                                4
                                            ]
                                        }
                                    }
                                ]
                            },
                            {
                                "type": "Container",
                                "width": "100vw",
                                "height": "40vh",
                                "direction": "row",
                                "justifyContent": "spaceAround",
                                "items": [
                                    {
                                        "type": "TouchWrapper",
                                        "width": "20vw",
                                        "height": "30vh",
                                        "item": {
                                            "type": "Frame",
                                            "width": "20vw",
                                            "height": "30vh",
                                            "borderWidth": "3px",
                                            "borderRadius": "2vw",
                                            "item": [
                                                {
                                                    "type": "Image",
                                                    "source": "${payload.pageData.Box5}",
                                                    "scale": "fill",
                                                    "width": "20vw",
                                                    "height": "30vh"
                                                }
                                            ]
                                        },
                                        "onPress": {
                                            "type": "SendEvent",
                                            "arguments": [
                                                "BoxIntent",
                                                5
                                            ]
                                        }
                                    },
                                    {
                                        "type": "TouchWrapper",
                                        "width": "20vw",
                                        "height": "30vh",
                                        "item": {
                                            "type": "Frame",
                                            "width": "20vw",
                                            "height": "30vh",
                                            "borderWidth": "3px",
                                            "borderRadius": "2vw",
                                            "item": [
                                                {
                                                    "type": "Image",
                                                    "source": "${payload.pageData.Box6}",
                                                    "scale": "fill",
                                                    "width": "20vw",
                                                    "height": "30vh"
                                                }
                                            ]
                                        },
                                        "onPress": {
                                            "type": "SendEvent",
                                            "arguments": [
                                                "BoxIntent",
                                                6
                                            ]
                                        }
                                    },
                                    {
                                        "type": "TouchWrapper",
                                        "width": "20vw",
                                        "height": "30vh",
                                        "item": {
                                            "type": "Frame",
                                            "width": "20vw",
                                            "height": "30vh",
                                            "borderWidth": "3px",
                                            "borderRadius": "2vw",
                                            "item": [
                                                {
                                                    "type": "Image",
                                                    "source": "${payload.pageData.Box7}",
                                                    "scale": "fill",
                                                    "width": "20vw",
                                                    "height": "30vh"
                                                }
                                            ]
                                        },
                                        "onPress": {
                                            "type": "SendEvent",
                                            "arguments": [
                                                "BoxIntent",
                                                7
                                            ]
                                        }
                                    },
                                    {
                                        "type": "TouchWrapper",
                                        "width": "20vw",
                                        "height": "30vh",
                                        "item": {
                                            "type": "Frame",
                                            "width": "20vw",
                                            "height": "30vh",
                                            "borderWidth": "3px",
                                            "borderRadius": "2vw",
                                            "item": [
                                                {
                                                    "type": "Image",
                                                    "source": "${payload.pageData.Box8}",
                                                    "scale": "fill",
                                                    "width": "20vw",
                                                    "height": "30vh"
                                                }
                                            ]
                                        },
                                        "onPress": {
                                            "type": "SendEvent",
                                            "arguments": [
                                                "BoxIntent",
                                                8
                                            ]
                                        }
                                    }
                                ]
                            }
                        ]
                    }
                ]
            }
        ]
    }
}