{
    "type": "APL",
    "version": "1.0",
    "theme": "dark",
    "import": [],
    "mainTemplate": {
        "parameters": [
            "payload"
        ],
        "items": [
            {
                "type": "Frame",
                "width": "100vw",
                "height": "100vh",
                "backgroundColor": "#5B5B5B",
                "items": [
                    {
                        "type": "Container",
                        "width": "100vw",
                        "height": "100vh",
                        "justifyContent": "spaceAround",
                        "items": [
                            {
                                "type": "Container",
                                "width": "100vw",
                                "height": "10vh",
                                "direction": "row",
                                "paddingLeft": "92vw",
                                "items": [
                                    
                                    {
                                        "type": "TouchWrapper",
                                        "width": "6vw",
                                        "height": "9vh",
                                        "item": {
                                            "type": "Frame",
                                            "width": "6vw",
                                            "height": "9vh",
                                            "borderColor": "white",
                                            "borderWidth": "2px",
                                            "borderRadius": "45vw",
                                            "item": [
                                                {
                                                    "type": "Text",
                                                    "text": "<",
                                                    "color": "white",
                                                    "width": "6vw",
                                                    "height": "9vh",
                                                    "textAlign": "center",
                                                    "textAlignVertical": "center",
                                                    "fontSize": "7vh",
                                                    "fontWeight": "100"
                                                }
                                            ]
                                        },
                                        "onPress": {
                                            "type": "SendEvent",
                                            "arguments": [
                                                "${payload.helpData.state}"
                                            ]
                                        }
                                    }
                                ]
                            },
                            {
                                "type": "Container",
                                "width": "100vw",
                                "height": "80vh",
                                "items": [
                                    {
                                        "type": "Text",
                                        "text": "${payload.helpData.text}",
                                        "width": "100vw",
                                        "fontWeight": "200",
                                        "fontSize": "7vh",
                                        "top": "1vh",
                                        "color": "white",
                                        "textAlign": "center"
                                    }
                                ]
                            }
                        ]
                    }
                ]
            }
        ]
    }
}