{
    "type": "APL",
    "version": "1.0",
    "theme": "dark",
    "import": [],
    "mainTemplate": {
        "parameters": [
            "payload"
        ],
        "items": [{
            "type": "Frame",
            "width": "100vw",
            "height": "100vh",
            "backgroundColor": "#5B5B5B",
            "items": [
                {
                    "type": "Container",
                    "width": "100vw",
                    "height": "100vh",
                    "justifyContent": "start",
                    "items": [
                        {
                        "type": "Container",
                        "width": "100vw",
                        "height": "60vh",
                        "items": [
                            {
                                "type": "Container",
                                "width": "100vw",
                                "height": "20vh",
                                "justifyContent": "center",
                                "items" : [
                                    {
                                        "type": "Text",
                                        "text": "${payload.yesOrNoData.textTop}",
                                        "width": "100vw",
                                        "fontWeight": "800",
                                        "fontSize": "12vh",
                                        "color": "white",
                                        "textAlign": "center"
                                    }
                                ]
                            },
                            {
                                "type": "Container",
                                "width": "100vw",
                                "height": "20vh",
                                "justifyContent": "center",
                                "items" : [
                                    {
                                        "type": "Text",
                                        "text": "${payload.yesOrNoData.textMid}",
                                        "width": "100vw",
                                        "fontWeight": "800",
                                        "fontSize": "12vh",
                                        "color": "white",
                                        "textAlign": "center"
                                    }
                                ]
                            },
                            {
                                "type": "Container",
                                "width": "100vw",
                                "height": "20vh",
                                "justifyContent": "center",
                                "items" : [
                                    {
                                        "type": "Text",
                                        "text": "${payload.yesOrNoData.textBot}",
                                        "width": "100vw",
                                        "fontWeight": "800",
                                        "fontSize": "12vh",
                                        "color": "white",
                                        "textAlign": "center"
                                    }
                                ]
                            }]
                        },
                        {
                            "type": "Container",
                            "width": "100vw",
                            "height": "30vh",
                            "direction": "column",
                            "alignItems": "center",
                            "justifyContent": "spaceAround",
                            "items" : [
                                {   
                                    "type": "TouchWrapper",
                                    "width": "18vw",
                                    "height": "12vh",
                                    "item": {
                                        "type": "Frame",
                                        "width": "18vw",
                                        "height": "12vh",
                                        "borderColor": "white",
                                        "borderWidth": "5px",
                                        "borderRadius": "30vw",
                                        "items": [
                                            {
                                                "type": "Text",
                                                "text": "YES",
                                                "color": "white",
                                                "width": "17vw",
                                                "height": "12vh",
                                                "textAlign": "center",
                                                "textAlignVertical": "center",
                                                "fontSize": "10vh"
                                            }]
                                    },
                                    "onPress": {
                                        "type": "SendEvent",
                                        "arguments":[
                                            "YesIntent"
                                        ]
                                    }
                                },
                                {   
                                    "type": "TouchWrapper",
                                    "width": "18vw",
                                    "height": "12vh",
                                    "item": {
                                        "type": "Frame",
                                        "width": "18vw",
                                        "height": "12vh",
                                        "borderColor": "white",
                                        "borderWidth": "5px",
                                        "borderRadius": "30vw",
                                        "items": [
                                            {
                                                "type": "Text",
                                                "text": "NO",
                                                "color": "white",
                                                "width": "17vw",
                                                "height": "12vh",
                                                "textAlign": "center",
                                                "textAlignVertical": "center",
                                                "fontSize": "10vh"
                                            }]
                                    },
                                    "onPress": {
                                        "type": "SendEvent",
                                        "arguments":[
                                            "NoIntent"
                                        ]
                                    }
                                }
                            ]
                        }
                    ]
                }]
        }]
    }
}